{"flutter":{"platforms":{"android":{"default":{"projectId":"tabuk-ce16e","appId":"1:749213753046:android:46dc2fafe60501ee63b377","fileOutput":"android/app/google-services.json"}},"dart":{"lib/firebase_options.dart":{"projectId":"tabuk-ce16e","configurations":{"android":"1:749213753046:android:46dc2fafe60501ee63b377","ios":"1:749213753046:ios:cbc4d65e4b10a40a63b377","macos":"1:749213753046:ios:cbc4d65e4b10a40a63b377","web":"1:749213753046:web:b4bd0646f11afb8963b377","windows":"1:749213753046:web:d57034830053a7d563b377"}}}}}}